image,description
https://i.pinimg.com/736x/76/cc/29/76cc29d533e6fdd8e8ea03ba48408569.jpg,"jean de mujer recto con roturas desmechadas grandes y bien abiertas en ambas piernas. Podria ser wide leg por ser suelto. Tiro alto. Color celeste."
https://i.pinimg.com/736x/da/8f/f7/da8ff77220fbd27a4f7fb6b5ac9b5397.jpg,"jean de mujer wide leg con roturas simetricas en ambas piernas. Podria ser palazzo o recto por su silueta. Tiro alto apretado. Color azul desgastado o celeste fuerte."
https://i.pinimg.com/736x/fe/39/90/fe3990451568eb962184d0eea1c6c384.jpg,"jean de mujer wide leg con roturas simetricas en ambas piernas. Podria ser palazzo o recto por su silueta. Tiro alto apretado. Color celeste fuerte."
https://i.pinimg.com/736x/87/77/7c/87777c4a5330965c995e9de2c957fcc1.jpg,"jean de mujer wide leg con roturas desmechadas en ambas piernas. Podria ser palazzo o recto por su silueta. Tiro alto. Color azul claro o celeste fuerte."
https://i.pinimg.com/736x/96/70/80/967080e6721d386ffc60fde73b4d8a1c.jpg,"jean de mujer wide leg con roturas desmechadas en ambas piernas. Podria ser palazzo o recto por su silueta. Tiro alto. Color azul claro o celeste fuerte."
https://i.pinimg.com/474x/a3/70/57/a37057fed2f03096559c86d337919471.jpg,"jean de mujer wide leg con roturas desmechadas en ambas piernas. Podria ser palazzo o recto por su silueta. Tiro alto apretado. Color celeste claro."
https://i.pinimg.com/474x/57/77/c9/5777c9d3ba8d174f8527ab6d467f1292.jpg,"jean de mujer wide leg con varias roturas desmechadas en ambas piernas. Podria ser palazzo  o recto por su silueta. Tiro alto apretado. Color celeste claro."
https://i.pinimg.com/474x/1f/22/51/1f2251e7524cf15a7c93ca0b6337c73e.jpg,"jean de mujer wide leg con roturas desmechadas grandes y bien abiertas en ambas piernas. Podria ser palazzo  o recto por su silueta. Tiro alto apretado. Color celeste muy claro tirando a gris o blanco."
https://i.pinimg.com/474x/98/8a/28/988a28f4970362bf4507125f5a10588a.jpg,"jean de mujer palazzo con roturas desmechadas en ambas piernas. Podria ser wide leg por su silueta. Tiro alto apretado. Color azul un poco destenido o celeste fuerte."
https://i.pinimg.com/736x/2a/b8/7a/2ab87a4bc3a7d622445dbd6c5849d800.jpg,"jean de mujer wide leg con más de una rotura en ambas piernas. Podria ser palazzo o recto por su silueta. Tiro alto apretado. Color celeste muy claro tirando a gris o blanco."
https://i.pinimg.com/474x/c7/dd/03/c7dd039c7d663985e3935f7b15249a7c.jpg,"jean de mujer wide leg con más de una rotura en ambas piernas. Podria ser palazzo o recto por su silueta. Tiro alto apretado. Color celeste desgastado."
https://i.pinimg.com/474x/5f/71/2c/5f712cad1405f8118bc2bc8a16de06c5.jpg,"jean de mujer wide leg con más de una rotura en ambas piernas. Podria ser palazzo o recto por su silueta. Tiro alto apretado. Color negro."
https://i.pinimg.com/474x/b2/cc/9c/b2cc9ce50ef9033bf86d561f9e16f862.jpg,"jean de mujer wide leg con roturas desmechadas grandes y bien abiertas en ambas piernas. Podria ser palazzo o recto por su silueta. Tiro alto apretado. Color negro."
https://i.pinimg.com/474x/a6/68/8d/a6688d68ef3c462fb1f8bed6c5a74f3c.jpg,"jean de mujer wide leg con roturas desmechadas grandes y bien abiertas en ambas piernas. Podria ser palazzo o recto por su silueta. Tiro alto apretado. Color blanco, crema o beige."
https://i.pinimg.com/474x/19/0e/a6/190ea6f38f4cab827beab91ab3d51b36.jpg,"jean de mujer wide leg con roturas desmechadas en ambas piernas. Podria ser palazzo o recto por su silueta. Tiro alto apretado. Color azul."
https://i.pinimg.com/474x/5f/51/77/5f5177e1521ae677c379ca0957e5bc51.jpg,"jean de mujer recto celeste con roturas simetricas desmechadas en ambas piernas. Podria ser wide leg o palazzo por su silueta. Tiro alto apretado. Color celeste."
https://i.pinimg.com/474x/58/ca/00/58ca003b82d2ecaa32d9bdc41d1f4875.jpg,"jean de mujer wide leg con muchas roturas desmechadas grandes y bien abiertas por ambas piernas como desgastado extremo. Podria ser palazzo o recto por su silueta. Tiro alto. Color celeste claro."
https://i.pinimg.com/736x/e8/af/76/e8af7623dd4fdf0e18faeaa24e34ff81.jpg,"jean de mujer wide leg con muchas roturas desmechadas grandes y bien abiertas por ambas piernas como desgastado extremo. Podria ser palazzo o recto por su silueta. Tiro alto. Color azul desgastado o celeste fuerte."
https://i.pinimg.com/736x/74/87/dd/7487ddff40c7e2d6b3563c2c88a242a5.jpg,"jean de mujer recto con muchas roturas desmechadas grandes y bien abiertas por ambas piernas como desgastado extremo. Podria ser wide leg por su silueta. Tiro alto. Color azul desgastado o celeste fuerte."
https://i.pinimg.com/474x/dd/67/25/dd672501f013e715067802e18cdae105.jpg,"jean de mujer recto con muchas roturas desmechadas grandes y bien abiertas por ambas piernas como desgastado extremo. Podria ser skinny porque es bastante apretado. Tiro alto. Color azul desgastado o celeste fuerte."
https://i.pinimg.com/736x/fa/a0/71/faa071673db724fff56d132b8638675a.jpg,"jean de mujer wide leg con muchas roturas desmechadas grandes y bien abiertas en ambas piernas como desgastado extremo. Podria ser palazzo o recto por su silueta. Tiro alto. Color celeste liso claro."
https://i.pinimg.com/736x/c0/93/23/c09323cd74d2c53266a119e67f30e37f.jpg,"jean de mujer palazzo con roturas desmechadas en ambas piernas. Podria ser wide leg por su silueta. Tiro alto. Color azul desgastado."
https://i.pinimg.com/474x/93/36/3a/93363a048fcc17d689024a65fd2a356e.jpg,"jean de mujer recto con roturas desmechadas en ambas piernas. Podria ser wide leg por su silueta. Tiro alto. Color celeste claro."
https://i.pinimg.com/736x/12/b5/b3/12b5b372f5acdfd1453cc155253ee201.jpg,"jean de mujer palazzo con roturas blancas grandes desmechadas en ambas piernas. Podria ser wide leg por su silueta. Color negro desgastado."
https://i.pinimg.com/736x/54/c2/f7/54c2f784682a150c000f17439e81a3d6.jpg,"jean de mujer wide leg con muchas roturas desmechadas grandes y bien abiertas en ambas piernas como desgastado extremo. Podria ser palazzo o recto por su silueta. Tiro alto apretado. Color celeste."
https://i.pinimg.com/474x/d8/82/96/d88296cad780dea054db1d0eae34ee8a.jpg,"jean de mujer wide leg con muchas roturas desmechadas blancas medianas y bien abiertas en ambas piernas como desgastado. Podria ser palazzo o recto por su silueta. Tiro alto apretado. Color azul o celeste muy fuerte."
https://i.pinimg.com/474x/69/1d/a1/691da15c85e82cd6163781f6fec59cee.jpg,"jean de mujer wide leg con muchas roturas blancas desmechadas grandes y bien abiertas en ambas piernas como desgastado extremo. Podria ser palazzo o recto por su silueta. Tiro alto apretado. Color azul."
https://i.pinimg.com/474x/61/79/e5/6179e50858de0f7159515fb51173563f.jpg,"jean de mujer wide leg con muchas roturas blancas desmechadas grandes y bien abiertas en ambas piernas como desgastado extremo. Podria ser palazzo o recto por su silueta. Color celeste."
https://i.pinimg.com/474x/07/58/b2/0758b2d7d719e8d63736c277345b03e1.jpg,"jean de mujer wide leg con roturas blancas desmechadas en ambas piernas como desgastado. Podria ser palazzo o recto por su silueta. Color azul."
https://i.pinimg.com/736x/61/49/39/6149393f5648e6e2f34d30ca06f14b17.jpg,"jean de mujer wide leg con roturas simetricas en ambas piernas. Podria ser palazzo o recto por su silueta. Tiro alto apretado. Color negro desgastado."
https://i.pinimg.com/736x/f5/37/b3/f537b3d92d3eba7dfe8cde8777a3f936.jpg,"jean de mujer wide leg con roturas simetricas en ambas piernas. Podria ser palazzo o recto por su silueta. Tiro alto apretado. Color negro liso."
https://i.pinimg.com/736x/c2/46/0d/c2460daf97cf89aba613e664c892a7bb.jpg,"jean de mujer skinny con roturas simetricas en ambas piernas. Podria ser recto por su silueta. Tiro alto apretado. Color negro desgastado."
https://i.pinimg.com/474x/2f/27/63/2f27638f10f244f9e87fc7df3803b994.jpg,"jean de mujer skinny con roturas simetricas en ambas piernas. Podria ser recto por su silueta. Tiro alto apretado. Color negro liso."
https://i.pinimg.com/474x/7b/6e/ed/7b6eed31b9b089bb38324a4979963bce.jpg,"jean de mujer skinny con roturas blancas simetricas en ambas piernas. Podria ser recto por su silueta. Tiro alto apretado. Color celeste claro."
https://i.pinimg.com/474x/f3/50/d7/f350d73e8ab34474b9143c50f57f9628.jpg,"jean de mujer skinny con roturas medianas en ambas piernas. Podria ser recto por su silueta. Tiro alto apretado. Color azul fuerte."
https://i.pinimg.com/736x/51/33/ca/5133ca177c89a74db89e31f7f319872d.jpg,"jean de mujer skinny con roturas blancas medianas en ambas piernas. Podria ser recto por su silueta. Tiro alto apretado. Color azul o celeste fuerte desgastado."
https://i.pinimg.com/474x/b9/b5/48/b9b5487ce1bb95f44b155e26b83a0e98.jpg,"jean de mujer skinny con roturasblancas desmechadas medianas en ambas piernas. Podria ser recto por su silueta. Tiro alto apretado. Color azul fuerte."
https://i.pinimg.com/474x/5e/fb/5c/5efb5c71c27878a19dbe727a2a2745c2.jpg,"jean de mujer skinny con roturas desmechadas en ambas piernas como desgastado extremo. Podria ser recto por su silueta. Tiro alto apretado. Color negro desgastado."
https://i.pinimg.com/474x/6d/48/80/6d488006988b6c8980c07cd2115c4444.jpg,"jean de mujer skinny con roturas simetricas en ambas piernas. Podria ser recto por su silueta. Tiro alto apretado. Color celeste."
https://i.pinimg.com/474x/07/98/e6/0798e605f26ce4fb4eda508fab328efe.jpg,"jean de mujer skinny con roturas desmechadas en ambas piernas como desgastado extremo. Podria ser recto por su silueta. Tiro alto apretado. Color celeste."
https://i.pinimg.com/474x/a3/e9/7d/a3e97d4c2969e78fd1b62bcd55c18d72.jpg,"jean de mujer skinny con roturas chicas en ambas piernas. Podria ser recto por su silueta. Tiro alto apretado. Color bordo."
https://i.pinimg.com/474x/12/a7/9c/12a79c339c27fe03fa6a87a8cb020ab0.jpg,"jean de mujer skinny con roturas blancas desmechadas en ambas piernas como desgastado extremo. Podria ser recto por su silueta. Tiro alto apretado. Color azul."
https://i.pinimg.com/474x/51/45/1c/51451c4ce214999a2c38583fcd28d6cb.jpg,"jean de mujer skinny con roturas blancas desmechadas en ambas piernas como desgastado extremo. Podria ser recto por su silueta. Tiro alto apretado. Color azul desgastado."
https://i.pinimg.com/474x/16/47/7a/16477a196e4aa64b29f78900a9a9d580.jpg,"jean de mujer recto con una rotura en la pierna izquierda. Podria ser wide leg por su silueta. Tiro alto. Color celeste claro desgastado."
https://i.pinimg.com/736x/fb/18/49/fb1849b402ed01914ce983b60cbca5af.jpg,"jean de mujer recto con roturas simetricas en ambas piernas. Podria ser wide leg por su silueta. Tiro alto. Color celeste claro desgastado."
https://i.pinimg.com/474x/da/46/3d/da463d7f3209b8accbadfb5227d348fd.jpg,"jean de mujer recto con roturas simetricas en ambas piernas. Podria ser wide leg por su silueta. Tiro alto. Color celeste claro desgastado."
https://i.pinimg.com/474x/40/56/b0/4056b0f5e0239b6f575859fd74124968.jpg,"jean de mujer recto con una rotura en la pierna izquierda. Podria ser wide leg por su silueta. Tiro alto. Color celeste claro desgastado."
https://i.pinimg.com/474x/d2/62/79/d262795516394a75e0e02c2fe9f50c99.jpg,"jean de mujer recto con una rotura blanca en la pierna izquierda y otra rotura chica en la pierna derecha. Podria ser wide leg por su silueta. Tiro alto. Color celeste fuerte o azul claro desgastado vintage."
https://i.pinimg.com/474x/b1/a8/14/b1a81411384803facdce5776d094459a.jpg,"jean de mujer recto con roturas blancas simetricas en ambas piernas. Podria ser wide leg por su silueta. Tiro alto. Color o azul desgastado."
https://i.pinimg.com/474x/23/2c/b3/232cb3225c227b32102ba9a3094cc915.jpg,"jean de mujer con una rotura en la pierna izquierda. Podria ser wide leg por su silueta. Tiro alto. Color celeste fuerte o azul claro desgastado."
https://i.pinimg.com/736x/5c/bf/a8/5cbfa80b64a6f4dae68b2a3cb07b357f.jpg,"jean de mujer recto con roturas blancas simetricas desmechadas grandes y bien abiertas en ambas piernas. Podria ser wide leg por su silueta. Tiro alto. Color celeste claro desgastado."
https://i.pinimg.com/474x/57/10/bf/5710bff94a535d1965c128a10e1d1c34.jpg,"jean de mujer wide leg sin rotura. Podria ser palazzo o recto por su silueta. Tiro alto apretado. Color celeste claro."
https://i.pinimg.com/474x/57/10/bf/5710bff94a535d1965c128a10e1d1c34.jpg,"jean de mujer wide leg sin rotura. Podria ser palazzo o recto por su silueta. Tiro alto apretado. Color celeste claro desgastado."
https://i.pinimg.com/474x/47/53/29/475329a0eaaf25542763c9a22dcbeb31.jpg,"jean de mujer wide leg sin rotura. Podria ser palazzo o recto por su silueta. Tiro alto apretado. Color negro o gris desgastado."
https://i.pinimg.com/474x/07/b9/6d/07b96dbb2a066b70c7b4fec326aacbd3.jpg,"jean de mujer wide leg sin rotura. Podria ser palazzo o recto por su silueta. Tiro alto apretado. Color negro desgastado."
https://i.pinimg.com/736x/ee/3b/2b/ee3b2bfe16677dcf038db60029744da9.jpg,"jean de mujer wide leg sin rotura. Podria ser palazzo o recto por su silueta. Color azul desgastado vintage."
https://i.pinimg.com/474x/21/2c/dc/212cdcd7d8dc976aafe18a10963d41f8.jpg,"jean de mujer wide leg sin rotura. Podria ser palazzo o recto por su silueta. Tiro alto apretado. Color blanco."
https://i.pinimg.com/474x/d8/8c/e2/d88ce275f22d7aba9076ac30accddcb1.jpg,"jean de mujer wide leg sin rotura. Podria ser palazzo o recto por su silueta. Tiro alto apretado. Color azul desgastado vintage."
https://i.pinimg.com/474x/fa/bf/d6/fabfd60ee4cf301908332305b4c314c1.jpg,"jean de mujer wide leg sin rotura. Podria ser palazzo o recto por su silueta. Tiro alto apretado. Color azul."
https://i.pinimg.com/474x/6a/b8/6e/6ab86e6f6ac43af6cfd5643647f524a7.jpg,"jean de mujer wide leg sin rotura. Podria ser palazzo o recto por su silueta. Tiro alto apretado. Color azul o gris desgastado."
https://i.pinimg.com/474x/db/07/7c/db077ce5563f60100c4a3b44c13091a1.jpg,"jean de mujer wide leg sin rotura. Podria ser palazzo o recto por su silueta. Color gris desgastado."
https://i.pinimg.com/474x/6e/8e/bf/6e8ebfd94d6492ed8ea57517e590a9f0.jpg,"jean de mujer wide leg sin rotura. Podria ser palazzo o recto por su silueta. Tiro alto. Color celeste claro desgastado."
https://i.pinimg.com/474x/30/a1/d7/30a1d7bc39c3916623a80d0d01b86acd.jpg,"jean de mujer wide leg sin rotura. Podria ser palazzo o recto por su silueta. Tiro alto apretado. Color azul."
https://i.pinimg.com/474x/0d/92/33/0d92330f7e97c78e49bdf4876e9a7b6d.jpg,"jean de mujer wide leg sin rotura. Podria ser palazzo o recto por su silueta. Tiro alto apretado. Color azul desgastado vintage."
https://i.pinimg.com/474x/ae/d9/1c/aed91c8bbaf39534217f9b2f8796e51e.jpg,"jean de mujer recto sin rotura. Podria ser wide leg por su silueta. Tiro alto apretado. Color gris desgastado."
https://i.pinimg.com/474x/f8/89/6a/f8896aa396af8f3cdbffc43e0aa8002e.jpg,"jean de mujer wide leg sin rotura. Podria ser palazzo o recto por su silueta. Tiro alto apretado. Color azul desgastado vintage."
https://i.pinimg.com/474x/75/22/6e/75226e723208242833e73284e5705f67.jpg,"jean de mujer wide leg sin rotura. Podria ser palazzo o recto por su silueta. Tiro alto apretado. Color gris desgastado."
https://i.pinimg.com/474x/60/03/87/6003876a7c68cbe6ef3a69a488e61267.jpg,"jean de mujer wide leg sin rotura. Podria ser palazzo o recto por su silueta. Tiro alto apretado. Color negro o gris desgastado vintage."
https://i.pinimg.com/474x/8b/15/98/8b15989dfe3e5a7702a949221fb7eb40.jpg,"jean de mujer skinny sin rotura. Tiro alto apretado. Color celeste claro."
https://i.pinimg.com/736x/dd/c0/e6/ddc0e69ce9c761c23575f2e3651d7b80.jpg,"jean de mujer skinny sin rotura. Tiro alto apretado. Color azul desgastado."
https://i.pinimg.com/474x/6f/d2/59/6fd25959ec88bf3fe30f76238dfac18e.jpg,"jean de mujer skinny sin rotura. Tiro alto apretado. Color azul."
https://i.pinimg.com/474x/c7/25/26/c725265d4308d3f78c41907e75110f8f.jpg,"jean de mujer skinny sin rotura. Tiro alto apretado. Color azul."
https://i.pinimg.com/474x/de/51/66/de516633b3251a32cbc9b5a603148f0a.jpg,"jean de mujer skinny sin rotura. Tiro alto apretado. Color negro o gris."
https://i.pinimg.com/736x/f8/58/d7/f858d75a1ce9fe77f9c3f97cd7ee7c0c.jpg,"jean de mujer wide leg sin rotura. Podria ser palazzo o recto por su silueta. Tiro alto apretado. Color celeste desgastado."
https://i.pinimg.com/474x/09/59/a8/0959a87ac74226a9c1780a2715bbd237.jpg,"jean de mujer wide leg sin rotura. Podria ser palazzo o recto por su silueta. Tiro alto apretado. Color azul."
https://i.pinimg.com/736x/20/99/b2/2099b2364845f39879a03d4db54ab9f2.jpg,"jean de mujer wide leg sin rotura. Podria ser palazzo o recto por su silueta. Tiro alto apretado. Color azul."
https://i.pinimg.com/474x/02/e7/a7/02e7a75f8ca3b35667bdc97c8724f4e7.jpg,"jean de mujer wide leg sin rotura. Podria ser palazzo o recto por su silueta. Color celeste."
https://i.pinimg.com/474x/f5/03/44/f50344f12904bcafd0fad696c940c713.jpg,"jean de mujer recto sin rotura. Podria ser wide leg por su silueta. Tiro alto. Color gris desgastado."
https://i.pinimg.com/736x/22/79/87/2279874fc544e1350d7ab8af0b966814.jpg,"jean de mujer wide leg sin rotura. Podria ser palazzo o recto por su silueta. Tiro alto apretado. Color azul vintage."
https://i.pinimg.com/474x/0b/1e/d4/0b1ed49e23f5210c04fdd4a63f2fcfa0.jpg,"jean de mujer wide leg sin rotura. Podria ser palazzo o recto por su silueta. Tiro alto apretado. Color celeste claro."
https://i.pinimg.com/474x/8a/51/b4/8a51b494904d89d1a93df2daee4daf95.jpg,"jean de mujer recto sin rotura. Podria ser wide leg por su silueta. Tiro alto apretado. Color azul desgastado."
https://i.pinimg.com/474x/19/cf/db/19cfdb372810240bb989bd2fecc7760b.jpg,"jean de mujer wide leg sin rotura. Podria ser palazzo o recto por su silueta. Tiro alto apretado. Color celeste claro vintage."
https://i.pinimg.com/474x/bc/92/ea/bc92eac6f4f166d6b8942c470bcfae43.jpg,"jean de mujer wide leg tipo cargo sin rotura. Podria ser palazzo o recto por su silueta. Tiro alto apretado. Color celeste fuerte."
https://i.pinimg.com/474x/95/e9/28/95e9282f4d494f65c2032f7b7594e5a9.jpg,"jean de recto sin rotura. Podria ser cargo por su silueta. Tiro alto apretado. Color azul."
https://i.pinimg.com/474x/22/26/11/22261146caabfa1952aa4bcbe54f75a3.jpg,"jean de mujer wide leg tipo cargo sin rotura. Podria ser palazzo o recto por su silueta. Tiro alto apretado. Color celeste fuerte."
https://i.pinimg.com/474x/6a/80/a1/6a80a1ddd8b6035be8df5e07e01f0c61.jpg,"jean de mujer flared o campana tipo cargo sin rotura. Podria ser palazzo o recto por su silueta. Tiro alto apretado. Color celeste manchado."
https://i.pinimg.com/474x/fd/02/9e/fd029eea0dbdd8f5163d15abac4b645f.jpg,"jean de mujer wide leg tipo cargo sin rotura. Podria ser palazzo o recto por su silueta. Tiro alto apretado. Color azul."
https://i.pinimg.com/474x/a6/57/2c/a6572c4c63e7c58f986a17c137cf4b73.jpg,"jean de mujer wide leg sin rotura. Podria ser palazzo o recto por su silueta. Tiro alto apretado. Color celeste claro."
https://i.pinimg.com/474x/2b/e8/5e/2be85efc98cc2e0a47e6625390781fb2.jpg,"jean de mujer wide leg sin rotura. Podria ser recto o palazzo por su silueta. Tiro alto apretado. Color azul vintage."
https://i.pinimg.com/474x/22/ea/d5/22ead5b01b4dce7e94c765a9828d447b.jpg,"jean de mujer wide leg sin rotura. Tiene flores como decoracion y hojas distribuidas simétricamente a lo largo de ambas piernas. Podria ser recto o palazzo por su silueta. Tiro alto apretado. Color celeste claro."
https://i.pinimg.com/474x/b0/f4/43/b0f443c07584ff1bec5169abc674d4e8.jpg,"jean de mujer recto sin rotura. Tiene estrellas como decoracion. Podria ser recto o palazzo por su silueta. Tiro alto apretado. Color celeste claro."
https://i.pinimg.com/474x/f2/6c/55/f26c55d9bdca2a29a8c498d6a29badc0.jpg,"jean de mujer wide leg tipo cargo sin rotura. Podria ser recto o palazzo por su silueta. Tiro alto apretado. Color azul."
https://i.pinimg.com/474x/4b/99/56/4b9956337eb3d0be3c66421c6a8fbd38.jpg,"jean de mujer wide leg sin rotura. Podria ser recto o palazzo por su silueta. Tiro alto suelto. Color azul vintage."
https://i.pinimg.com/474x/f7/4e/c1/f74ec1e109d30c48cb630d226288b034.jpg,"jean de mujer wide leg sin rotura. Podria ser recto o palazzo por su silueta. Tiro alto apretado. Color azul."
https://i.pinimg.com/474x/d5/7a/24/d57a243ca321df465ef9f745cc3c6d55.jpg,"jean de mujer recto sin rotura. Tiene costuras horizontales que cruzan ambas piernas a la altura del muslo y de la pantorrilla. Podria ser recto o palazzo por su silueta. Tiro alto apretado. Color azul."
https://i.pinimg.com/474x/e5/e3/e9/e5e3e93a83784b00de1fa882d9264b61.jpg,"jean de mujer wide leg sin rotura. Podria ser recto o palazzo por su silueta. Tiro alto. Color celeste."
https://i.pinimg.com/474x/8e/b9/6c/8eb96cc2f1be4d7fdd7756369ad29371.jpg,"jean de mujer wide leg sin rotura. Tiene varios botones. Podria ser recto o palazzo por su silueta. Tiro alto apretado. Color gris."
https://i.pinimg.com/474x/4e/da/17/4eda1700415edd3b7b446fad4840da49.jpg,"jean de mujer wide leg sin rotura. Tiene un cinturon de jean. Podria ser recto o palazzo por su silueta. Tiro alto. Color celeste."
https://i.pinimg.com/474x/fa/a6/a0/faa6a05bb1f10de4b43a71265e7be1f5.jpg,"jean de mujer wide leg tipo cargo sin rotura. Tiene una cintura elastizada con cordon ajustable. Podria ser recto o palazzo por su silueta. Tiro alto. Color celeste vintage."
https://i.pinimg.com/474x/e3/8b/e9/e38be9cb0ac370b55a09e4ce3c0a7d1a.jpg,"jean de mujer wide leg sin rotura. Podria ser recto o palazzo por su silueta. Tiro alto apretado. Color gris."
https://i.pinimg.com/736x/0b/17/de/0b17ded1343177956f2885a7fd31c996.jpg,"jean de mujer wide leg sin rotura. Podria ser recto o palazzo por su silueta. Tiro alto apretado. Color azul."
https://i.pinimg.com/474x/86/e7/82/86e782dcfc1f6accf1f4f837b9a4b568.jpg,"jean de mujer recto tipo cargo sin rotura. Tiene los tobillos elastizados. Podria ser recto o palazzo por su silueta. Tiro alto apretado. Color azul."
https://i.pinimg.com/474x/cc/6a/04/cc6a04a980de5a9c37045ef266b2226f.jpg,"jean de mujer wide leg sin rotura. Tiene tiras denim cosidas por ambas piernas. Podria ser recto o palazzo por su silueta. Tiro alto. Color celeste."
https://i.pinimg.com/474x/fb/b8/7f/fbb87f893f2b0e92af0fb69c615d6986.jpg,"jean de mujer wide leg tipo cargo sin rotura. Podria ser recto o palazzo por su silueta. Tiro alto apretado. Color azul."
https://i.pinimg.com/474x/88/f9/1d/88f91d890a4f3f55603391c8f471c024.jpg,"jean de mujer wide leg tipo cargo sin rotura. Podria ser recto o palazzo por su silueta. Tiro alto apretado. Color celeste."
https://i.pinimg.com/474x/1b/47/9e/1b479edaa4eb62c3e16c5e77a3422e4e.jpg,"jean de mujer wide leg sin rotura. El estampado parece ser un lavado ácido o técnica de decoloración sobre el jean, formando motivos florales y de hojas a lo largo de ambas piernas. Podria ser recto o palazzo por su silueta. Tiro alto apretado. Color gris."
https://i.pinimg.com/474x/1d/ed/fa/1dedfaa10a2c9527e8021249cd64290b.jpg,"jean de mujer wide leg sin rotura. Podria ser recto o palazzo por su silueta. Tiro alto apretado. Color gris oscuro."
https://i.pinimg.com/474x/c6/ae/06/c6ae0645352570684e233470f9d2f626.jpg,"jean de mujer wide leg sin rotura. Podria ser recto o palazzo por su silueta. Tiro medio. Color celeste."
https://i.pinimg.com/474x/0a/1c/50/0a1c5068bdff91ce604d2af2a4cc09b5.jpg,"jean de mujer palazzo sin rotura. Podria ser wide leg por su silueta. Tiro medio. Color azul."
https://i.pinimg.com/474x/ca/8f/c1/ca8fc1eea6a0839359b0e4228edc4e4f.jpg,"jean de mujer recto tipo cargo sin rotura. Tiene doble boton. Podria ser recto o palazzo por su silueta. Tiro alto apretado. Color azul destenido manchado."
https://i.pinimg.com/474x/56/48/6d/56486d1d677b25fe7d3390f01c35b6cf.jpg,"jean de mujer wide leg sin rotura. Costuras visibles verticales que recorren las piernas y bolsillos tipo cargo. Podria ser recto o palazzo por su silueta. Tiro alto apretado. Color gris destenido."
https://i.pinimg.com/474x/b3/72/8f/b3728f7e967cf69f2979b56dfd5e21c2.jpg,"jean de mujer wide leg sin rotura. El estampado parece ser un lavado ácido o técnica de decoloración sobre el jean, formando motivos florales a lo largo de ambas piernas. Podria ser recto o palazzo por su silueta. Tiro alto apretado. Color gris."
https://i.pinimg.com/474x/a0/27/19/a02719bf9ee91e50bb90daf72fac6f13.jpg,"jean de mujer baggy sin rotura. Tiene brillos. Podria ser wide leg por su silueta. Tiro medio. Color azul vintage."
https://i.pinimg.com/474x/70/e1/57/70e157e903671962175b3d45dfed96d0.jpg,"jean de mujer wide leg tipo cargo sin rotura. Podria ser palazzo o recto por su silueta. Tiro medio. Color azul."
https://i.pinimg.com/474x/a2/16/7e/a2167e1d313955d7208f402f68a55ece.jpg,"jean de mujer wide leg tipo cargo sin rotura. Podria ser palazzo o recto por su silueta. Tiro medio. Color celeste."
https://i.pinimg.com/474x/03/3a/42/033a42ee547e72e13798a8208c9787a2.jpg,"jean de mujer wide leg tipo cargo sin rotura. Podria ser palazzo o recto por su silueta. Tiro medio. Color azul."
https://i.pinimg.com/474x/14/bc/26/14bc2649cf2a2021d0a81a50e6223a14.jpg,"jean de mujer wide leg tipo cargo sin rotura. Podria ser palazzo o recto por su silueta. Tiro medio. Color celeste."
https://i.pinimg.com/474x/29/ce/8b/29ce8b2cfca3ecc4bd7dc1118624c7e8.jpg,"jean de mujer wide leg tipo cargo sin rotura. Cintura elastizada. Podria ser palazzo o recto por su silueta. Tiro medio. Color azul."
https://i.pinimg.com/474x/5e/a0/9b/5ea09bd2c512cdf811322e4c7e95a48f.jpg,"jean de mujer wide leg sin rotura. El estampado parece ser un lavado ácido o técnica de decoloración sobre el jean, formando motivos florales a lo largo de ambas piernas. Podria ser recto o palazzo por su silueta. Tiro alto apretado. Color azul."
https://i.pinimg.com/474x/67/e5/78/67e57871b06402376d2d01affc84d4f5.jpg,"jean de mujer wide leg sin rotura. Está confeccionado con dos tonos de denim, uno azul oscuro (al centro) y otro celeste claro (en los laterales), unidos mediante una costura en forma de onda que recorre toda la pierna. Podria ser recto o palazzo por su silueta. Tiro alto apretado. Color azul o celeste."
https://i.pinimg.com/474x/ea/bb/ac/eabbac04b3aa6400fec71bb5ac3cbaec.jpg,"jean de mujer wide leg tipo cargo sin rotura. Podria ser palazzo o recto por su silueta. Tiro alto. Color celeste."
https://i.pinimg.com/474x/7f/29/e6/7f29e65df5fdb7f74f785007b280e2bb.jpg,"jean de mujer mom tipo cargo sin rotura. Tobillos elastizados. Podria ser palazzo o recto por su silueta. Tiro alto. Color celeste."
https://i.pinimg.com/474x/8f/ab/3e/8fab3e31e30c4f1bdb469339aede171f.jpg,"jean de mujer wide leg tipo cargo sin rotura. Cinturon denim en la cintura. Podria ser palazzo o recto por su silueta. Tiro alto. Color celeste."
https://i.pinimg.com/474x/87/92/4c/87924cba8be26b19f4c57f0361a5eac0.jpg,"jean de mujer wide leg sin rotura. El estampado parece ser un lavado ácido o técnica de decoloración sobre el jean, formando motivos florales a lo largo de ambas piernas. Podria ser recto o palazzo por su silueta. Tiro alto apretado. Color azul y blanco."
https://i.pinimg.com/474x/29/a7/bd/29a7bd9a573665b48130560c1df3c1f5.jpg,"jean de mujer wide leg tipo cargo sin rotura. Podria ser palazzo o recto por su silueta. Tiro alto. Color negro."
https://i.pinimg.com/474x/f4/c7/0c/f4c70cc8620165e6ceee370c6a9ba7a5.jpg,"jean de mujer wide leg tipo cargo sin rotura. Podria ser palazzo o recto por su silueta. Tiro alto. Color gris claro."
https://i.pinimg.com/474x/11/eb/2d/11eb2db0e482ab43fe2ce2fdde001687.jpg,"jean de mujer wide leg sin rotura. El estampado parece ser un lavado ácido o técnica de decoloración sobre el jean, formando rombos a lo largo de ambas piernas. Podria ser recto o palazzo por su silueta. Tiro alto apretado. Color azul."
https://i.pinimg.com/474x/dc/fd/6c/dcfd6ca649d1a2a71d4220bfc121de53.jpg,"jean de mujer skinny sin rotura. Podria ser recto por su silueta. Tiro alto. Color celeste."
https://i.pinimg.com/474x/86/b1/9c/86b19c6b0049e3cabb33fb86f6e1f006.jpg,"jean de mujer flatered o campana sin rotura. La parte inferior está formada por piernas de jean ancho en denim celeste claro. Podria ser wide leg por su silueta. Tiro alto. Color negro."
https://i.pinimg.com/474x/22/b8/b3/22b8b364481f3f1aab99309801943158.jpg,"jean de mujer flatered o campana sin rotura. Tiro alto. Podria ser wide leg. Color azul."
https://i.pinimg.com/474x/42/34/56/4234569bdfd8f1a44d66957b89506560.jpg,"jean de mujer flatered o campana sin rotura. Podria ser wide leg por su silueta. Tiro alto. Color azul vintage."
https://i.pinimg.com/474x/a8/ba/fe/a8bafe864a919c4600c718f3a48c2c38.jpg,"jean de mujer wide leg sin rotura. Costura vertical centrada. Podria ser palazzo o recto por su silueta. Tiro medio. Color celeste."
https://i.pinimg.com/474x/20/a8/71/20a871046fc805d2928d6ad95b8da2b4.jpg,"jean de mujer wide leg sin rotura. Podria ser palazzo o recto por su silueta. Tiro alto. Color azul."
https://i.pinimg.com/474x/d0/da/8b/d0da8b7dbb336ee2ac726388543823f6.jpg,"jean de mujer palazzo sin rotura. Podria ser wide leg por su silueta. Tiro alto. Color azul. Elegante"
https://i.pinimg.com/474x/63/d3/1b/63d31b527b7ee2ad4ab3e1a9e3997df6.jpg,"jean de mujer wide leg sin rotura. Estampado de estrellas en la parte inferior. Podria ser palazzo o recto por su silueta. Tiro alto. Color gris."
https://i.pinimg.com/474x/76/63/27/7663274b490bc1326fc61ae363cb0510.jpg,"jean de mujer flatered o campana sin rotura. Podria ser wide leg o palazzo por su silueta. Tiro alto. Color azul."
https://i.pinimg.com/474x/f2/96/ca/f296cae0fee06f9ae34dbf203e36c79c.jpg,"jean de mujer wide leg sin rotura. Podria ser palazzo o recto por su silueta. Tiro alto. Color azul."
https://i.pinimg.com/474x/b3/5c/97/b35c977928e54aacfd2200e387231fef.jpg,"jean de mujer wide leg sin rotura.Cintura elastizada y costura vertical negra y blanca en forma de lineas en los laterales del jean. Podria ser palazzo o recto por su silueta. Tiro alto. Color azul."
https://i.pinimg.com/474x/3f/f8/1e/3ff81e8e376553328940ecccafa1846d.jpg,"jean de mujer wide leg sin rotura. Podria ser palazzo o recto por su silueta. En los laterales color azul fuerte. Botones en la parte inferior. Tiro alto. Color azul."
https://i.pinimg.com/474x/d4/fb/16/d4fb161dcebe207dfe27a9b53cd76063.jpg,"jean de mujer flatered o campana sin rotura. Podria ser wide leg o palazzo por su silueta. Tiro alto. Color celeste fuerte."
https://i.pinimg.com/736x/7d/e2/b5/7de2b54b54a9ebaca9d5e014ebdcf9c7.jpg,"jean de mujer wide leg o baggy sin rotura. Podria ser palazzo o recto por su silueta. Tiro bajo. Color gris destenido vintage."
https://i.pinimg.com/474x/78/83/af/7883af27f815b16c8679c5e294b9898a.jpg,"jean de mujer wide leg sin rotura. Podria ser palazzo o recto por su silueta. Tiro alto. Color azul destenido."
https://i.pinimg.com/474x/84/25/c7/8425c754fbdbb44dd4290c0eddc931ff.jpg,"jean de mujer wide leg sin rotura. Estampado blanco de estrellas. Podria ser palazzo o recto por su silueta. Tiro alto. Color negro destenido."
https://i.pinimg.com/474x/4d/eb/e3/4debe3c2f8f3677ee5b7bbd3417e3d50.jpg,"jean de mujer wide leg sin rotura. Estampado negro de fuego. Podria ser palazzo o recto por su silueta. Tiro alto. Color gris blanco destenido."
https://i.pinimg.com/474x/44/08/b4/4408b433ea8ce38ee0ee81aacf5b507a.jpg,"jean de mujer wide leg o baggy sin rotura. Podria ser palazzo o recto por su silueta. Tiro alto. Color azul vintage."
https://i.pinimg.com/474x/dd/0f/8a/dd0f8ab1b15a1178790f4e307cd96fff.jpg,"jean de mujer wide leg sin rotura. Variso tipos de estampados, color rojo de letras y azul de peces. Podria ser palazzo o recto por su silueta. Tiro alto. Color azul."
https://i.pinimg.com/474x/b0/47/5b/b0475bbda8a93a076b9ce50e05264fd1.jpg,"jean de mujer wide leg sin rotura. Estampado de flore color rosa. Podria ser palazzo o recto por su silueta. Tiro alto. Color celeste."
https://i.pinimg.com/474x/e6/8d/2c/e68d2c7156231919cee3d07fef41c95b.jpg,"jean de mujer wide leg sin rotura. Podria ser palazzo o recto por su silueta. Tiro alto. Color azul vintage."
https://i.pinimg.com/474x/e2/49/6d/e2496dd9042f147b056356f40afb3aa0.jpg,"jean de mujer wide leg sin rotura. Estampado de maruposas negro. Podria ser palazzo o recto por su silueta. Tiro alto. Color celeste."